<?xml version="1.0" encoding="UTF-8" standalone="no"?><TaskList Version="2.0"><Task Active="false" ConnectorKind="local" CreationDate="2015-05-21 19:02:25.244 +0300" DueDate="2015-05-22 00:00:00.0 +0300" EndDate="" Estimated="0" Handle="local-18" Kind="task" Label="evresi ana astheni" LastModified="now" MarkReadPending="false" ModificationDate="" Notes="" NotifiedIncoming="true" Owner="local" Priority="P3" Reminded="false" RepositoryUrl="local" ScheduledEndDate="2015-05-24 23:59:59.999 +0300" ScheduledStartDate="2015-05-18 00:00:00.0 +0300" Stale="false" TaskId="18" offlineSyncState="SYNCHRONIZED"/><Task Active="false" ConnectorKind="local" CreationDate="2015-05-21 19:02:06.412 +0300" DueDate="2015-05-22 00:00:00.0 +0300" EndDate="" Estimated="0" Handle="local-17" Kind="task" Label="evresi ana imerominia" LastModified="now" MarkReadPending="false" ModificationDate="" Notes="" NotifiedIncoming="true" Owner="local" Priority="P3" Reminded="false" RepositoryUrl="local" ScheduledEndDate="2015-05-24 23:59:59.999 +0300" ScheduledStartDate="2015-05-18 00:00:00.0 +0300" Stale="false" TaskId="17" offlineSyncState="SYNCHRONIZED"/><Task Active="false" ConnectorKind="local" CreationDate="2015-05-12 02:14:23.146 +0300" DueDate="2015-05-12 23:00:00.0 +0300" EndDate="" Estimated="1" Handle="local-1" IssueURL="" Kind="task" Label=" RMI για όλα τα αντικείμενα" LastModified="now" MarkReadPending="false" ModificationDate="" Notes="15 αντικείμενα πρέπει να ανακτώνται μέσω RMI:&#13;&#10;15 αντικείμενα --&gt; κάθε πίνακας στη ΒΔ" NotifiedIncoming="true" Owner="local" Priority="P1" Reminded="true" RepositoryUrl="local" ScheduledEndDate="2015-05-12 23:59:59.999 +0300" ScheduledStartDate="2015-05-12 00:00:00.0 +0300" Stale="false" TaskId="1" offlineSyncState="SYNCHRONIZED"/><Task Active="false" ConnectorKind="local" CreationDate="2015-05-21 18:59:28.740 +0300" DueDate="2015-05-22 00:00:00.0 +0300" EndDate="" Estimated="0" Handle="local-12" Kind="task" Label="Provoli Rantevou" LastModified="now" MarkReadPending="false" ModificationDate="" Notes="" NotifiedIncoming="true" Owner="local" Priority="P3" Reminded="false" RepositoryUrl="local" ScheduledEndDate="2015-05-24 23:59:59.999 +0300" ScheduledStartDate="2015-05-18 00:00:00.0 +0300" Stale="false" TaskId="12" offlineSyncState="SYNCHRONIZED"><SubTask Handle="local-17"/><SubTask Handle="local-18"/></Task><Task Active="false" ConnectorKind="local" CreationDate="2015-05-21 18:58:52.404 +0300" DueDate="" EndDate="" Estimated="0" Handle="local-11" Kind="task" Label="New Task" LastModified="now" MarkReadPending="false" ModificationDate="" Notes="" NotifiedIncoming="true" Owner="local" Priority="P3" Reminded="false" RepositoryUrl="local" ScheduledEndDate="2015-05-24 23:59:59.999 +0300" ScheduledStartDate="2015-05-18 00:00:00.0 +0300" Stale="false" TaskId="11" offlineSyncState="SYNCHRONIZED"/><Task Active="false" ConnectorKind="local" CreationDate="2015-05-21 19:00:31.980 +0300" DueDate="2015-05-22 00:00:00.0 +0300" EndDate="" Estimated="0" Handle="local-15" Kind="task" Label="Provoli Asthenwn" LastModified="now" MarkReadPending="false" ModificationDate="" Notes="" NotifiedIncoming="true" Owner="local" Priority="P3" Reminded="false" RepositoryUrl="local" ScheduledEndDate="2015-05-24 23:59:59.999 +0300" ScheduledStartDate="2015-05-18 00:00:00.0 +0300" Stale="false" TaskId="15" offlineSyncState="SYNCHRONIZED"/><Task Active="false" ConnectorKind="local" CreationDate="2015-05-21 19:00:13.252 +0300" DueDate="2015-05-22 00:00:00.0 +0300" EndDate="" Estimated="0" Handle="local-14" Kind="task" Label="Anazitisi Astheni" LastModified="now" MarkReadPending="false" ModificationDate="" Notes="" NotifiedIncoming="true" Owner="local" Priority="P3" Reminded="false" RepositoryUrl="local" ScheduledEndDate="2015-05-24 23:59:59.999 +0300" ScheduledStartDate="2015-05-18 00:00:00.0 +0300" Stale="false" TaskId="14" offlineSyncState="SYNCHRONIZED"/><Task Active="false" ConnectorKind="local" CreationDate="2015-05-21 18:59:56.84 +0300" DueDate="2015-05-22 00:00:00.0 +0300" EndDate="" Estimated="0" Handle="local-13" Kind="task" Label="Prosthiki Rantevou" LastModified="now" MarkReadPending="false" ModificationDate="" Notes="" NotifiedIncoming="true" Owner="local" Priority="P3" Reminded="false" RepositoryUrl="local" ScheduledEndDate="2015-05-24 23:59:59.999 +0300" ScheduledStartDate="2015-05-18 00:00:00.0 +0300" Stale="false" TaskId="13" offlineSyncState="SYNCHRONIZED"/><Task Active="false" ConnectorKind="local" CreationDate="2015-05-12 03:17:10.177 +0300" DueDate="2015-05-13 02:00:00.0 +0300" EndDate="" Estimated="0" Handle="local-5" IssueURL="" Kind="task" Label="update record or flag patient" LastModified="now" MarkReadPending="false" ModificationDate="" Notes="indicate that they are not completely up to date" NotifiedIncoming="true" Owner="local" Priority="P3" Reminded="true" RepositoryUrl="local" ScheduledEndDate="2015-05-12 23:59:59.999 +0300" ScheduledStartDate="2015-05-12 00:00:00.0 +0300" Stale="false" TaskId="5" offlineSyncState="SYNCHRONIZED"/><Task Active="false" ConnectorKind="local" CreationDate="2015-05-12 03:15:23.901 +0300" DueDate="2015-05-12 08:00:00.0 +0300" EndDate="" Estimated="0" Handle="local-4" IssueURL="" Kind="task" Label="fields to record the diagnosis" LastModified="now" MarkReadPending="false" ModificationDate="" Notes="if these are unchanged from a previous consultation, need confirmation" NotifiedIncoming="true" Owner="local" Priority="P3" Reminded="true" RepositoryUrl="local" ScheduledEndDate="2015-05-12 23:59:59.999 +0300" ScheduledStartDate="2015-05-12 00:00:00.0 +0300" Stale="false" TaskId="4" offlineSyncState="SYNCHRONIZED"/><Task Active="false" ConnectorKind="local" CreationDate="2015-05-12 02:23:52.551 +0300" DueDate="2015-05-14 03:00:00.0 +0300" EndDate="" Estimated="0" Handle="local-3" IssueURL="" Kind="task" Label="Clinical Staff ViewPoint" LastModified="now" MarkReadPending="false" ModificationDate="" Notes="" NotifiedIncoming="true" Owner="local" Priority="P3" Reminded="true" RepositoryUrl="local" ScheduledEndDate="2015-05-12 23:59:59.999 +0300" ScheduledStartDate="2015-05-12 00:00:00.0 +0300" Stale="false" TaskId="3" offlineSyncState="SYNCHRONIZED"><SubTask Handle="local-4"/><SubTask Handle="local-5"/><SubTask Handle="local-7"/><SubTask Handle="local-8"/><SubTask Handle="local-9"/></Task><Task Active="false" ConnectorKind="local" CreationDate="2015-05-12 02:18:09.241 +0300" DueDate="2015-05-13 05:00:00.0 +0300" EndDate="" Estimated="1" Handle="local-2" IssueURL="" Kind="task" Label="Login Υπαλλήλου" LastModified="now" MarkReadPending="false" ModificationDate="" Notes="Ο υπάλληλος να κάνει login και ανάλογα το είδος του, να του εμφανίζονται οι ανάλογες επιλογές" NotifiedIncoming="true" Owner="local" Priority="P1" Reminded="true" RepositoryUrl="local" ScheduledEndDate="2015-05-12 23:59:59.999 +0300" ScheduledStartDate="2015-05-12 00:00:00.0 +0300" Stale="false" TaskId="2" offlineSyncState="SYNCHRONIZED"/><Task Active="false" ConnectorKind="local" CreationDate="2015-05-12 03:44:00.951 +0300" DueDate="2015-05-14 00:00:00.0 +0300" EndDate="" Estimated="0" Handle="local-9" IssueURL="" Kind="task" Label="nurses - modify records of patients" LastModified="now" MarkReadPending="false" ModificationDate="" Notes="visiting patients at home" NotifiedIncoming="true" Owner="local" Priority="P3" Reminded="true" RepositoryUrl="local" ScheduledEndDate="2015-05-13 23:59:59.999 +0300" ScheduledStartDate="2015-05-13 00:00:00.0 +0300" Stale="false" TaskId="9" offlineSyncState="SYNCHRONIZED"/><Task Active="false" ConnectorKind="local" CreationDate="2015-05-12 03:22:23.843 +0300" DueDate="2015-05-14 01:00:00.0 +0300" EndDate="" Estimated="0" Handle="local-8" IssueURL="" Kind="task" Label="Risk Indicator" LastModified="now" MarkReadPending="false" ModificationDate="" Notes="Πρέπει να δείχνουμε αν είναι επικίνδυνος ο κάθε ασθενής. Ή να δείχνουμε ποιοι είναι επικίνδυνοι." NotifiedIncoming="true" Owner="local" Priority="P3" Reminded="true" RepositoryUrl="local" ScheduledEndDate="2015-05-13 23:59:59.999 +0300" ScheduledStartDate="2015-05-13 00:00:00.0 +0300" Stale="false" TaskId="8" offlineSyncState="SYNCHRONIZED"/><Task Active="false" ConnectorKind="local" CreationDate="2015-05-12 03:20:54.237 +0300" DueDate="2015-05-14 00:00:00.0 +0300" EndDate="" Estimated="0" Handle="local-7" IssueURL="" Kind="task" Label="side effects for drugs" LastModified="now" MarkReadPending="false" ModificationDate="" Notes="παρενέργειες-αλλεργίες φαρμάκου. Να ενημερώνεται όταν εισάγει φάρμακα." NotifiedIncoming="true" Owner="local" Priority="P3" Reminded="true" RepositoryUrl="local" ScheduledEndDate="2015-05-13 23:59:59.999 +0300" ScheduledStartDate="2015-05-13 00:00:00.0 +0300" Stale="false" TaskId="7" offlineSyncState="SYNCHRONIZED"/><Task Active="false" ConnectorKind="local" CreationDate="2015-05-12 03:18:44.608 +0300" DueDate="2015-05-13 04:00:00.0 +0300" EndDate="" Estimated="0" Handle="local-6" IssueURL="" Kind="task" Label="comments from doctor" LastModified="now" MarkReadPending="false" ModificationDate="" Notes="" NotifiedIncoming="true" Owner="local" Priority="P3" Reminded="true" RepositoryUrl="local" ScheduledEndDate="2015-05-12 23:59:59.999 +0300" ScheduledStartDate="2015-05-12 00:00:00.0 +0300" Stale="false" TaskId="6" offlineSyncState="SYNCHRONIZED"/><TaskCategory Handle="handle-3" Name="Receptionist ViewPoint"><TaskReference Handle="local-12"/><TaskReference Handle="local-13"/><TaskReference Handle="local-14"/><TaskReference Handle="local-15"/></TaskCategory><TaskCategory Handle="handle-2" Name="ViewPoints"><TaskReference Handle="local-3"/><TaskReference Handle="local-6"/></TaskCategory><TaskCategory Handle="handle-1" Name="RMI only"><TaskReference Handle="local-1"/></TaskCategory><TaskCategory Handle="Uncategorized" Name="Uncategorized"><TaskReference Handle="local-2"/><TaskReference Handle="local-11"/></TaskCategory></TaskList>